Date added,Founded,GICS Sector,GICS Sub-Industry,Headquarters Location,Security,Symbol,CIK
04-03-1957,1902,Industrials,Industrial Conglomerates,"Saint Paul, Minnesota",3M,MMM,66740
26-07-2017,1916,Industrials,Building Products,"Milwaukee, Wisconsin",A. O. Smith,AOS,91142
04-03-1957,1888,Health Care,Health Care Equipment,"North Chicago, Illinois",Abbott,ABT,1800
31-12-2012,2013 (1888),Health Care,Pharmaceuticals,"North Chicago, Illinois",AbbVie,ABBV,1551152
06-07-2011,1989,Information Technology,IT Consulting & Other Services,"Dublin, Ireland",Accenture,ACN,1467373
31-08-2015,2008,Communication Services,Interactive Home Entertainment,"Santa Monica, California",Activision Blizzard,ATVI,718877
04-03-1957,1902,Consumer Staples,Agricultural Products & Services,"Chicago, Illinois",ADM,ADM,7084
05-05-1997,1982,Information Technology,Application Software,"San Jose, California",Adobe Inc.,ADBE,796343
31-03-1981,1949,Industrials,Human Resource & Employment Services,"Roseland, New Jersey",ADP,ADP,8670
09-07-2015,1932,Consumer Discretionary,Automotive Retail,"Raleigh, North Carolina",Advance Auto Parts,AAP,1158449
02-10-1998,1981,Utilities,Independent Power Producers & Energy Traders,"Arlington, Virginia",AES Corporation,AES,874761
28-05-1999,1955,Financials,Life & Health Insurance,"Columbus, Georgia",Aflac,AFL,4977
05-06-2000,1999,Health Care,Health Care Equipment,"Santa Clara, California",Agilent Technologies,A,1090872
30-04-1985,1940,Materials,Industrial Gases,"Allentown, Pennsylvania",Air Products and Chemicals,APD,2969
12-07-2007,1998,Information Technology,Internet Services & Infrastructure,"Cambridge, Massachusetts",Akamai,AKAM,1086222
13-05-2016,1985,Industrials,Passenger Airlines,"SeaTac, Washington",Alaska Air Group,ALK,766421
01-07-2016,1994,Materials,Specialty Chemicals,"Charlotte, North Carolina",Albemarle Corporation,ALB,915913
20-03-2017,1994,Real Estate,Office REITs,"Pasadena, California",Alexandria Real Estate Equities,ARE,1035443
19-06-2017,1997,Health Care,Health Care Supplies,"Tempe, Arizona",Align Technology,ALGN,1097149
02-12-2013,1908,Industrials,Building Products,"New York City, New York",Allegion,ALLE,1579241
01-07-2016,1917,Utilities,Electric Utilities,"Madison, Wisconsin",Alliant Energy,LNT,352541
13-07-1995,1931,Financials,Property & Casualty Insurance,"Glenview, Illinois",Allstate,ALL,899051
03-04-2014,1998,Communication Services,Interactive Media & Services,"Mountain View, California",Alphabet (A),GOOGL,1652044
03-04-2006,1998,Communication Services,Interactive Media & Services,"Mountain View, California",Alphabet (C),GOOG,1652044
04-03-1957,1985,Consumer Staples,Tobacco,"Richmond, Virginia",Altria,MO,764180
18-11-2005,1994,Consumer Discretionary,Broadline Retail,"Seattle, Washington",Amazon,AMZN,1018724
07-06-2019,2019 (1860),Materials,Paper & Plastic Packaging Products & Materials,"Warmley, Bristol, United Kingdom",Amcor,AMCR,1748790
20-03-2017,1969,Information Technology,Semiconductors,"Santa Clara, California",AMD,AMD,2488
19-09-1991,1902,Utilities,Multi-Utilities,"St. Louis, Missouri",Ameren,AEE,1002910
23-03-2015,1934,Industrials,Passenger Airlines,"Fort Worth, Texas",American Airlines Group,AAL,6201
04-03-1957,1906,Utilities,Electric Utilities,"Columbus, Ohio",American Electric Power,AEP,4904
30-06-1976,1850,Financials,Consumer Finance,"New York City, New York",American Express,AXP,4962
31-03-1980,1919,Financials,Property & Casualty Insurance,"New York City, New York",American International Group,AIG,5272
19-11-2007,1995,Real Estate,Telecom Tower REITs,"Boston, Massachusetts",American Tower,AMT,1053507
04-03-2016,1886,Utilities,Water Utilities,"Camden, New Jersey",American Water Works,AWK,1410636
03-10-2005,1894,Financials,Asset Management & Custody Banks,"Minneapolis, Minnesota",Ameriprise Financial,AMP,820027
30-08-2001,1985,Health Care,Health Care Distributors,"Conshohocken, Pennsylvania",AmerisourceBergen,ABC,1140859
23-09-2013,1930,Industrials,Electrical Components & Equipment,"Berwyn, Pennsylvania",Ametek,AME,1037868
02-01-1992,1980,Health Care,Biotechnology,"Thousand Oaks, California",Amgen,AMGN,318154
30-09-2008,1932,Information Technology,Electronic Components,"Wallingford, Connecticut",Amphenol,APH,820313
12-10-1999,1965,Information Technology,Semiconductors,"Wilmington, Massachusetts",Analog Devices,ADI,6281
19-06-2017,1969,Information Technology,Application Software,"Canonsburg, Pennsylvania",Ansys,ANSS,1013462
23-04-1996,1982 (1919),Financials,Insurance Brokers,"London, UK",Aon,AON,315293
28-07-1997,1954,Energy,Oil & Gas Exploration & Production,"Houston, Texas",APA Corporation,APA,1841666
30-11-1982,1977,Information Technology,"Technology Hardware, Storage & Peripherals","Cupertino, California",Apple,AAPL,320193
16-03-1995,1967,Information Technology,Semiconductor Materials & Equipment,"Santa Clara, California",Applied Materials,AMAT,6951
24-12-2012,1994,Consumer Discretionary,Automotive Parts & Equipment,"Dublin, Ireland",Aptiv,APTV,1521332
01-11-2022,1995,Financials,Reinsurance,"Hamilton, Bermuda",Arch Capital Group,ACGL,947484
28-08-2018,2004,Information Technology,Communications Equipment,"Santa Clara, California",Arista Networks,ANET,1596532
31-05-2016,1927,Financials,Insurance Brokers,"Rolling Meadows, Illinois",Arthur J. Gallagher & Co.,AJG,354190
10-04-2007,1892,Financials,Multi-line Insurance,"New York City, New York",Assurant,AIZ,1267238
30-11-1983,1983 (1885),Communication Services,Integrated Telecommunication Services,"Dallas, Texas",AT&T,T,732717
15-02-2019,1906,Utilities,Gas Utilities,"Dallas, Texas",Atmos Energy,ATO,731802
01-12-1989,1982,Information Technology,Application Software,"San Francisco, California",Autodesk,ADSK,769397
02-01-1997,1979,Consumer Discretionary,Specialty Stores,"Memphis, Tennessee",AutoZone,AZO,866787
10-01-2007,1978,Real Estate,Residential REITs,"Arlington, Virginia",AvalonBay Communities,AVB,915912
31-12-1987,1990,Materials,Paper & Plastic Packaging Products & Materials,"Glendale, California",Avery Dennison,AVY,8818
04-05-2023,1993,Industrials,Aerospace & Defense,"Scottsdale, Arizona",Axon Enterprise,AXON,1069183
07-07-2017,2017,Energy,Oil & Gas Equipment & Services,"Houston, Texas",Baker Hughes,BKR,1701605
31-10-1984,1880,Materials,"Metal, Glass & Plastic Containers","Broomfield, Colorado",Ball Corporation,BALL,9389
30-06-1976,1998 (1923 / 1874),Financials,Diversified Banks,"Charlotte, North Carolina",Bank of America,BAC,70858
30-09-1983,1963,Consumer Discretionary,Specialty Stores,"Columbus, Ohio","Bath & Body Works, Inc.",BBWI,701985
30-09-1972,1931,Health Care,Health Care Equipment,"Deerfield, Illinois",Baxter International,BAX,10456
30-09-1972,1897,Health Care,Health Care Equipment,"Franklin Lakes, New Jersey",Becton Dickinson,BDX,10795
05-12-2019,1967,Financials,Property & Casualty Insurance,"Greenwich, Connecticut",Berkley,WRB,11544
16-02-2010,1839,Financials,Multi-Sector Holdings,"Omaha, Nebraska",Berkshire Hathaway,BRK.B,1067983
29-06-1999,1966,Consumer Discretionary,Computer & Electronics Retail,"Richfield, Minnesota",Best Buy,BBY,764478
22-06-2020,1952,Health Care,Life Sciences Tools & Services,"Hercules, California",Bio-Rad,BIO,12208
30-08-2021,1976,Health Care,Life Sciences Tools & Services,"Minneapolis, Minnesota",Bio-Techne,TECH,842023
13-11-2003,1978,Health Care,Biotechnology,"Cambridge, Massachusetts",Biogen,BIIB,875045
04-04-2011,1988,Financials,Asset Management & Custody Banks,"New York City, New York",BlackRock,BLK,1364742
31-03-1995,1784,Financials,Asset Management & Custody Banks,"New York City, New York",BNY Mellon,BK,1390777
04-03-1957,1916,Industrials,Aerospace & Defense,"Chicago, Illinois",Boeing,BA,12927
06-11-2009,1996,Consumer Discretionary,"Hotels, Restaurants & Leisure","Norwalk, Connecticut",Booking Holdings,BKNG,1075531
19-12-2011,1880,Consumer Discretionary,Automotive Parts & Equipment,"Auburn Hills, Michigan",BorgWarner,BWA,908255
03-04-2006,1970,Real Estate,Office REITs,"Boston, Massachusetts",Boston Properties,BXP,1037540
24-02-1995,1979,Health Care,Health Care Equipment,"Marlborough, Massachusetts",Boston Scientific,BSX,885725
04-03-1957,1989 (1887),Health Care,Pharmaceuticals,"New York City, New York",Bristol Myers Squibb,BMY,14272
08-05-2014,1961,Information Technology,Semiconductors,"San Jose, California",Broadcom Inc.,AVGO,1730168
18-06-2018,1962,Industrials,Data Processing & Outsourced Services,"Lake Success, New York",Broadridge Financial Solutions,BR,1383312
20-09-2021,1939,Financials,Insurance Brokers,"Daytona Beach, Florida",Brown & Brown,BRO,79282
31-10-1982,1870,Consumer Staples,Distillers & Vintners,"Louisville, Kentucky",Brown–Forman,BF.B,14693
15-03-2023,1818,Consumer Staples,Agricultural Products & Services,"Chesterfield, Missouri",Bunge Limited,BG,1144519
02-03-2007,1905,Industrials,Air Freight & Logistics,"Eden Prairie, Minnesota",C.H. Robinson,CHRW,1043277
18-09-2017,1988,Information Technology,Application Software,"San Jose, California",Cadence Design Systems,CDNS,813672
22-03-2021,1973,Consumer Discretionary,Casinos & Gaming,"Reno, Nevada",Caesars Entertainment,CZR,1590895
04-04-2022,1981,Real Estate,Residential REITs,"Houston, Texas",Camden Property Trust,CPT,906345
04-03-1957,1869,Consumer Staples,Packaged Foods & Meats,"Camden, New Jersey",Campbell Soup Company,CPB,16732
01-07-1998,1994,Financials,Consumer Finance,"Tysons Corner, Virginia",Capital One,COF,927628
27-05-1997,1971,Health Care,Health Care Distributors,"Dublin, Ohio",Cardinal Health,CAH,721371
28-06-2010,1993,Consumer Discretionary,Automotive Retail,"Richmond, Virginia",CarMax,KMX,1170010
22-12-1998,1972,Consumer Discretionary,"Hotels, Resorts & Cruise Lines","Miami, Florida",Carnival,CCL,815097
03-04-2020,2020 (1915),Industrials,Building Products,"Palm Beach Gardens, Florida",Carrier Global,CARR,1783180
21-09-2020,2007,Health Care,Pharmaceuticals,"Somerset, New Jersey",Catalent,CTLT,1596783
04-03-1957,1925,Industrials,Construction Machinery & Heavy Transportation Equipment,"Irving, Texas",Caterpillar Inc.,CAT,18230
01-03-2017,1973,Financials,Financial Exchanges & Data,"Chicago, Illinois",Cboe Global Markets,CBOE,1374310
10-11-2006,1906,Real Estate,Real Estate Services,"Dallas, Texas",CBRE Group,CBRE,1138118
23-09-2019,1984,Information Technology,Technology Distributors,"Lincolnshire, Illinois",CDW,CDW,1402057
24-12-2018,1918,Materials,Specialty Chemicals,"Irving, Texas",Celanese,CE,1306830
30-03-2016,1984,Health Care,Managed Health Care,"St. Louis, Missouri",Centene Corporation,CNC,1071739
31-07-1985,1882,Utilities,Multi-Utilities,"Houston, Texas",CenterPoint Energy,CNP,1130310
20-09-2021,1992,Information Technology,Application Software,"Minneapolis, Minnesota",Ceridian,CDAY,1725057
27-08-2008,1946,Materials,Fertilizers & Agricultural Chemicals,"Deerfield, Illinois",CF Industries,CF,1324404
14-05-2021,1947,Health Care,Life Sciences Tools & Services,"Wilmington, Massachusetts",Charles River Laboratories,CRL,1100682
02-06-1997,1971,Financials,Investment Banking & Brokerage,"Westlake, Texas",Charles Schwab Corporation,SCHW,316709
08-09-2016,1993,Communication Services,Cable & Satellite,"Stamford, Connecticut",Charter Communications,CHTR,1091667
04-03-1957,1879,Energy,Integrated Oil & Gas,"San Ramon, California",Chevron Corporation,CVX,93410
28-04-2011,1993,Consumer Discretionary,Restaurants,"Newport Beach, California",Chipotle Mexican Grill,CMG,1058090
15-07-2010,1985,Financials,Property & Casualty Insurance,"Zurich, Switzerland",Chubb Limited,CB,896159
29-12-2015,1847,Consumer Staples,Household Products,"Ewing, New Jersey",Church & Dwight,CHD,313927
30-06-1976,1982,Health Care,Managed Health Care,"Bloomfield, Connecticut",Cigna,CI,1739940
18-12-1997,1950,Financials,Property & Casualty Insurance,"Fairfield, Ohio",Cincinnati Financial,CINF,20286
01-03-2001,1929,Industrials,Diversified Support Services,"Mason, Ohio",Cintas,CTAS,723254
01-12-1993,1984,Information Technology,Communications Equipment,"San Jose, California",Cisco,CSCO,858877
31-05-1988,1998,Financials,Diversified Banks,"New York City, New York",Citigroup,C,831001
29-01-2016,1828,Financials,Regional Banks,"Providence, Rhode Island",Citizens Financial Group,CFG,759944
31-03-1969,1913,Consumer Staples,Household Products,"Oakland, California",Clorox,CLX,21076
11-08-2006,1848,Financials,Financial Exchanges & Data,"Chicago, Illinois",CME Group,CME,1156375
04-03-1957,1886,Utilities,Multi-Utilities,"Jackson, Michigan",CMS Energy,CMS,811156
04-03-1957,1886,Consumer Staples,Soft Drinks & Non-alcoholic Beverages,"Atlanta, Georgia",Coca-Cola Company (The),KO,21344
17-11-2006,1994,Information Technology,IT Consulting & Other Services,"Teaneck, New Jersey",Cognizant,CTSH,1058290
04-03-1957,1806,Consumer Staples,Household Products,"New York City, New York",Colgate-Palmolive,CL,21665
19-11-2002,1963,Communication Services,Cable & Satellite,"Philadelphia, Pennsylvania",Comcast,CMCSA,1166691
01-12-1995,1849,Financials,Diversified Banks,"Dallas, Texas",Comerica,CMA,28412
31-08-1983,1919,Consumer Staples,Packaged Foods & Meats,"Chicago, Illinois",Conagra Brands,CAG,23217
04-03-1957,2002,Energy,Oil & Gas Exploration & Production,"Houston, Texas",ConocoPhillips,COP,1163165
04-03-1957,1823,Utilities,Electric Utilities,"New York City, New York",Consolidated Edison,ED,1047862
01-07-2005,1945,Consumer Staples,Distillers & Vintners,"Victor, New York",Constellation Brands,STZ,16918
02-02-2022,1999,Utilities,Multi-Utilities,"Baltimore, Maryland",Constellation Energy,CEG,1868275
23-09-2016,1958,Health Care,Health Care Supplies,"San Ramon, California",CooperCompanies,COO,711404
02-07-2018,1982,Industrials,Diversified Support Services,"Dallas, Texas",Copart,CPRT,900075
27-02-1995,1851,Information Technology,Electronic Components,"Corning, New York",Corning Inc.,GLW,24741
03-06-2019,2019,Materials,Fertilizers & Agricultural Chemicals,"Indianapolis, Indiana",Corteva,CTVA,1755672
19-09-2022,1987,Industrials,Research & Consulting Services,"Washington, D.C.",CoStar Group,CSGP,1057352
01-10-1993,1976,Consumer Staples,Consumer Staples Merchandise Retail,"Issaquah, Washington",Costco,COST,909832
23-06-2008,2021 (1989),Energy,Oil & Gas Exploration & Production,"Houston, Texas",Coterra,CTRA,858470
14-03-2012,1994,Real Estate,Telecom Tower REITs,"Houston, Texas",Crown Castle,CCI,1051470
04-03-1957,1980,Industrials,Rail Transportation,"Jacksonville, Florida",CSX,CSX,277948
31-03-1965,1919,Industrials,Industrial Machinery & Supplies & Components,"Columbus, Indiana",Cummins,CMI,26172
04-03-1957,1996,Health Care,Health Care Services,"Woonsocket, Rhode Island",CVS Health,CVS,64803
22-06-2005,1978,Consumer Discretionary,Homebuilding,"Arlington, Texas",D.R. Horton,DHI,882184
18-11-1998,1969,Health Care,Health Care Equipment,"Washington, D.C.",Danaher Corporation,DHR,313616
31-05-1995,1938,Consumer Discretionary,Restaurants,"Orlando, Florida",Darden Restaurants,DRI,940944
31-07-2008,1979,Health Care,Health Care Facilities,"Denver, Colorado",DaVita Inc.,DVA,927066
04-03-1957,1837,Industrials,Agricultural & Farm Machinery,"Moline, Illinois",John Deere,DE,315189
11-09-2013,1929,Industrials,Passenger Airlines,"Atlanta, Georgia",Delta Air Lines,DAL,27904
14-11-2008,2016 (1969),Health Care,Health Care Supplies,"Charlotte, North Carolina",Dentsply Sirona,XRAY,818479
30-08-2000,1971,Energy,Oil & Gas Exploration & Production,"Oklahoma City, Oklahoma",Devon Energy,DVN,1090012
12-05-2020,1999,Health Care,Health Care Equipment,"San Diego, California",Dexcom,DXCM,1093557
03-12-2018,2007,Energy,Oil & Gas Exploration & Production,"Midland, Texas",Diamondback Energy,FANG,1539838
18-05-2016,2004,Real Estate,Data Center REITs,"Austin, Texas",Digital Realty,DLR,1297996
02-07-2007,1985,Financials,Consumer Finance,"Riverwoods, Illinois",Discover Financial,DFS,1393612
30-06-1976,1923,Communication Services,Movies & Entertainment,"Burbank, California",Disney,DIS,1744489
03-12-2012,1939,Consumer Staples,Consumer Staples Merchandise Retail,"Goodlettsville, Tennessee",Dollar General,DG,29534
19-12-2011,1986,Consumer Staples,Consumer Staples Merchandise Retail,"Chesapeake, Virginia",Dollar Tree,DLTR,935703
,1983,Utilities,Electric Utilities,"Richmond, Virginia",Dominion Energy,D,715957
12-05-2020,1960,Consumer Discretionary,Restaurants,"Ann Arbor, Michigan",Domino's,DPZ,1286681
31-10-1985,1955,Industrials,Industrial Machinery & Supplies & Components,"Downers Grove, Illinois",Dover Corporation,DOV,29905
01-04-2019,2019,Materials,Commodity Chemicals,"Midland, Michigan",Dow Inc.,DOW,1751788
04-03-1957,1995,Utilities,Multi-Utilities,"Detroit, Michigan",DTE Energy,DTE,936340
30-06-1976,1904,Utilities,Electric Utilities,"Charlotte, North Carolina",Duke Energy,DUK,1326160
02-04-2019,2017,Materials,Specialty Chemicals,"Wilmington, Delaware",DuPont,DD,1666700
04-04-2017,2017,Information Technology,IT Consulting & Other Services,"Tysons Corner, Virginia",DXC Technology,DXC,1688568
01-01-1994,1920,Materials,Diversified Chemicals,"Kingsport, Tennessee",Eastman Chemical Company,EMN,915389
04-03-1957,1911,Industrials,Electrical Components & Equipment,"Dublin, Ireland",Eaton Corporation,ETN,1551182
22-07-2002,1995,Consumer Discretionary,Broadline Retail,"San Jose, California",eBay,EBAY,1065088
31-01-1989,1923,Materials,Specialty Chemicals,"Saint Paul, Minnesota",Ecolab,ECL,31462
04-03-1957,1886,Utilities,Electric Utilities,"Rosemead, California",Edison International,EIX,827052
01-04-2011,1958,Health Care,Health Care Equipment,"Irvine, California",Edwards Lifesciences,EW,1099800
22-07-2002,1982,Communication Services,Interactive Home Entertainment,"Redwood City, California",Electronic Arts,EA,712515
25-07-2002,2014 (1946),Health Care,Managed Health Care,"Indianapolis, Indiana",Elevance Health,ELV,1156039
31-12-1970,1876,Health Care,Pharmaceuticals,"Indianapolis, Indiana",Eli Lilly and Company,LLY,59478
31-03-1965,1890,Industrials,Electrical Components & Equipment,"Ferguson, Missouri",Emerson Electric,EMR,32604
07-01-2021,2006,Information Technology,Electronic Components,"Fremont, California",Enphase,ENPH,1463101
04-03-1957,1913,Utilities,Electric Utilities,"New Orleans, Louisiana",Entergy,ETR,65984
02-11-2000,1999,Energy,Oil & Gas Exploration & Production,"Houston, Texas",EOG Resources,EOG,821189
14-12-2021,1993,Information Technology,IT Consulting & Other Services,"Newtown, Pennsylvania",EPAM Systems,EPAM,1352010
03-10-2022,1888,Energy,Oil & Gas Exploration & Production,"Pittsburgh, Pennsylvania",EQT,EQT,33213
19-06-1997,1899,Industrials,Research & Consulting Services,"Atlanta, Georgia",Equifax,EFX,33185
20-03-2015,1998,Real Estate,Data Center REITs,"Redwood City, California",Equinix,EQIX,1101239
03-12-2001,1969,Real Estate,Residential REITs,"Chicago, Illinois",Equity Residential,EQR,906107
02-04-2014,1971,Real Estate,Residential REITs,"San Mateo, California",Essex Property Trust,ESS,920522
05-01-2006,1946,Consumer Staples,Personal Care Products,"New York City, New York",Estée Lauder Companies (The),EL,1001250
21-09-2020,2005,Consumer Discretionary,Broadline Retail,"New York City, New York",Etsy,ETSY,1370637
19-06-2017,1973,Financials,Reinsurance,"Hamilton, Bermuda",Everest Re,EG,1095073
05-06-2018,1909,Utilities,Electric Utilities,"Kansas City, Missouri",Evergy,EVRG,1711269
01-07-1905,1966,Utilities,Multi-Utilities,"Hartford, Connecticut",Eversource,ES,72741
04-03-1957,2000,Utilities,Multi-Utilities,"Chicago, Illinois",Exelon,EXC,1109357
02-10-2007,1996,Consumer Discretionary,"Hotels, Restaurants & Leisure","Seattle, Washington",Expedia Group,EXPE,1324424
10-10-2007,1979,Industrials,Air Freight & Logistics,"Seattle, Washington",Expeditors International,EXPD,746515
19-01-2016,1977,Real Estate,Self-Storage REITs,"Salt Lake City, Utah",Extra Space Storage,EXR,1289490
04-03-1957,1999,Energy,Integrated Oil & Gas,"Irving, Texas",ExxonMobil,XOM,34088
20-12-2010,1996,Information Technology,Communications Equipment,"Seattle, Washington","F5, Inc.",FFIV,1048695
20-12-2021,1978,Financials,Financial Exchanges & Data,"Norwalk, Connecticut",FactSet,FDS,1013237
20-03-2023,1956,Information Technology,Application Software,"Bozeman, Montana",Fair Isaac,FICO,814547
15-09-2008,1967,Industrials,Building Products,"Winona, Minnesota",Fastenal,FAST,815556
01-02-2016,1962,Real Estate,Retail REITs,"Rockville, Maryland",Federal Realty,FRT,34903
31-12-1980,1971,Industrials,Air Freight & Logistics,"Memphis, Tennessee",FedEx,FDX,1048911
29-03-1996,1858,Financials,Regional Banks,"Cincinnati, Ohio",Fifth Third Bank,FITB,35527
19-12-2022,1999,Information Technology,Semiconductors,"Tempe, Arizona",First Solar,FSLR,1274494
28-11-1997,1997,Utilities,Electric Utilities,"Akron, Ohio",FirstEnergy,FE,1031296
10-11-2006,1968,Financials,Transaction & Payment Processing Services,"Jacksonville, Florida",FIS,FIS,1136893
02-04-2001,1984,Financials,Transaction & Payment Processing Services,"Brookfield, Wisconsin",Fiserv,FI,798354
20-06-2018,2000,Financials,Transaction & Payment Processing Services,"Atlanta, Georgia",Fleetcor,FLT,1175454
19-08-2009,1883,Materials,Fertilizers & Agricultural Chemicals,"Philadelphia, Pennsylvania",FMC Corporation,FMC,37785
04-03-1957,1903,Consumer Discretionary,Automobile Manufacturers,"Dearborn, Michigan",Ford Motor Company,F,37996
11-10-2018,2000,Information Technology,Systems Software,"Sunnyvale, California",Fortinet,FTNT,1262039
01-07-2016,2016,Industrials,Industrial Machinery & Supplies & Components,"Everett, Washington",Fortive,FTV,1659166
01-07-2013,2019,Communication Services,Movies & Entertainment,"New York City, New York",Fox Corporation (Class A),FOXA,1754301
18-09-2015,2019,Communication Services,Movies & Entertainment,"New York City, New York",Fox Corporation (Class B),FOX,1754301
30-04-1998,1947,Financials,Asset Management & Custody Banks,"San Mateo, California",Franklin Templeton,BEN,38777
,1912,Materials,Copper,"Phoenix, Arizona",Freeport-McMoRan,FCX,831259
12-12-2012,1989,Consumer Discretionary,Consumer Electronics,"Schaffhausen, Switzerland",Garmin,GRMN,1121788
05-04-2017,1979,Information Technology,IT Consulting & Other Services,"Stamford, Connecticut",Gartner,IT,749251
04-01-2023,1994,Health Care,Health Care Technology,"Chicago, Illinois",GE HealthCare,GEHC,1932393
25-03-2003,1982,Information Technology,Application Software,"Tempe, Arizona",Gen Digital,GEN,849399
22-03-2021,1959,Industrials,Electrical Components & Equipment,"Waukesha, Wisconsin",Generac,GNRC,1474735
04-03-1957,1899,Industrials,Aerospace & Defense,"Falls Church, Virginia",General Dynamics,GD,40533
04-03-1957,1892,Industrials,Industrial Conglomerates,"Boston, Massachusetts",General Electric,GE,40545
04-03-1957,1856,Consumer Staples,Packaged Foods & Meats,"Golden Valley, Minnesota",General Mills,GIS,40704
06-06-2013,1908,Consumer Discretionary,Automobile Manufacturers,"Detroit, Michigan",General Motors,GM,1467858
31-12-1973,1925,Consumer Discretionary,Specialty Stores,"Atlanta, Georgia",Genuine Parts Company,GPC,40987
01-07-2004,1987,Health Care,Biotechnology,"Foster City, California",Gilead Sciences,GILD,882095
30-04-1989,1900,Financials,Life & Health Insurance,"McKinney, Texas",Globe Life,GL,320335
25-04-2016,2000,Financials,Transaction & Payment Processing Services,"Atlanta, Georgia",Global Payments,GPN,1123360
22-07-2002,1869,Financials,Investment Banking & Brokerage,"New York City, New York",Goldman Sachs,GS,886982
04-03-1957,1919,Energy,Oil & Gas Equipment & Services,"Houston, Texas",Halliburton,HAL,45012
04-03-1957,1810,Financials,Property & Casualty Insurance,"Hartford, Connecticut",Hartford (The),HIG,874766
30-09-1984,1923,Consumer Discretionary,Leisure Products,"Pawtucket, Rhode Island",Hasbro,HAS,46080
27-01-2015,1968,Health Care,Health Care Facilities,"Nashville, Tennessee",HCA Healthcare,HCA,860730
31-03-2008,1985,Real Estate,Health Care REITs,"Long Beach, California",Healthpeak,PEAK,765880
17-03-2015,1932,Health Care,Health Care Distributors,"Melville, New York",Henry Schein,HSIC,1000228
04-03-1957,1894,Consumer Staples,Packaged Foods & Meats,"Hershey, Pennsylvania",Hershey's,HSY,47111
31-05-1984,1919,Energy,Integrated Oil & Gas,"New York City, New York",Hess Corporation,HES,4447
02-11-2015,2015,Information Technology,"Technology Hardware, Storage & Peripherals","Houston, Texas",Hewlett Packard Enterprise,HPE,1645590
19-06-2017,1919,Consumer Discretionary,"Hotels, Resorts & Cruise Lines","Tysons Corner, Virginia",Hilton Worldwide,HLT,1585689
30-03-2016,1985,Health Care,Health Care Equipment,"Marlborough, Massachusetts",Hologic,HOLX,859737
31-03-1988,1978,Consumer Discretionary,Home Improvement Retail,"Atlanta, Georgia",Home Depot (The),HD,354950
04-03-1957,1906,Industrials,Industrial Conglomerates,"Charlotte, North Carolina",Honeywell,HON,773840
04-03-2009,1891,Consumer Staples,Packaged Foods & Meats,"Austin, Minnesota",Hormel Foods,HRL,48465
20-03-2007,1993,Real Estate,Hotel & Resort REITs,"Bethesda, Maryland",Host Hotels & Resorts,HST,1070750
04-03-1957,2016,Industrials,Aerospace & Defense,"Pittsburgh, Pennsylvania",Howmet Aerospace,HWM,4281
31-12-1974,1939 (2015),Information Technology,"Technology Hardware, Storage & Peripherals","Palo Alto, California",HP Inc.,HPQ,47217
,1961,Health Care,Managed Health Care,"Louisville, Kentucky",Humana,HUM,49071
28-08-1997,1866,Financials,Regional Banks,"Columbus, Ohio; Detroit, Michigan",Huntington Bancshares,HBAN,49196
03-01-2018,2011,Industrials,Aerospace & Defense,"Newport News, Virginia",Huntington Ingalls Industries,HII,1501585
04-03-1957,1911,Information Technology,IT Consulting & Other Services,"Armonk, New York",IBM,IBM,51143
09-08-2019,1988,Industrials,Industrial Machinery & Supplies & Components,"Lake Forest, Illinois",IDEX Corporation,IEX,832101
05-01-2017,1983,Health Care,Health Care Equipment,"Westbrook, Maine",Idexx Laboratories,IDXX,874716
28-02-1986,1912,Industrials,Industrial Machinery & Supplies & Components,"Glenview, Illinois",Illinois Tool Works,ITW,49826
19-11-2015,1998,Health Care,Life Sciences Tools & Services,"San Diego, California",Illumina,ILMN,1110803
28-02-2017,1991,Health Care,Biotechnology,"Wilmington, Delaware",Incyte,INCY,879169
03-03-2020,1859,Industrials,Industrial Machinery & Supplies & Components,"Davidson, North Carolina",Ingersoll Rand,IR,1699150
15-03-2023,2000,Health Care,Health Care Equipment,"Acton, Massachusetts",Insulet,PODD,1145197
31-12-1976,1968,Information Technology,Semiconductors,"Santa Clara, California",Intel,INTC,50863
26-09-2007,2000,Financials,Financial Exchanges & Data,"Atlanta, Georgia",Intercontinental Exchange,ICE,1571949
31-03-1976,1958 (1889),Materials,Specialty Chemicals,"New York City, New York",International Flavors & Fragrances,IFF,51253
04-03-1957,1898,Materials,Paper & Plastic Packaging Products & Materials,"Memphis, Tennessee",International Paper,IP,51434
01-10-1992,1961 (1930),Communication Services,Advertising,"New York City, New York",Interpublic Group of Companies (The),IPG,51644
05-12-2000,1983,Information Technology,Application Software,"Mountain View, California",Intuit,INTU,896878
02-06-2008,1995,Health Care,Health Care Equipment,"Sunnyvale, California",Intuitive Surgical,ISRG,1035267
21-08-2008,1935,Financials,Asset Management & Custody Banks,"Atlanta, Georgia",Invesco,IVZ,914208
19-09-2022,2012,Real Estate,Residential REITs,"Dallas, Texas",Invitation Homes,INVH,1687229
29-08-2017,1982,Health Care,Life Sciences Tools & Services,"Durham, North Carolina",IQVIA,IQV,1478242
06-01-2009,1951,Real Estate,Other Specialized REITs,"Boston, Massachusetts",Iron Mountain,IRM,1020569
01-07-2015,1961,Industrials,Cargo Ground Transportation,"Lowell, Arkansas",J.B. Hunt,JBHT,728535
13-11-2018,1976,Financials,Transaction & Payment Processing Services,"Monett, Missouri",Jack Henry & Associates,JKHY,779152
26-10-2007,1947,Industrials,Construction & Engineering,"Dallas, Texas",Jacobs Solutions,J,52988
30-06-1973,1886,Health Care,Pharmaceuticals,"New Brunswick, New Jersey",Johnson & Johnson,JNJ,200406
27-08-2010,1885,Industrials,Building Products,"Cork, Ireland",Johnson Controls,JCI,833444
30-06-1975,2000 (1799 / 1871),Financials,Diversified Banks,"New York City, New York",JPMorgan Chase,JPM,19617
02-06-2006,1996,Information Technology,Communications Equipment,"Sunnyvale, California",Juniper Networks,JNPR,1043604
11-09-1989,1906,Consumer Staples,Packaged Foods & Meats,"Battle Creek, Michigan",Kellogg's,K,55067
21-06-2022,1981,Consumer Staples,Soft Drinks & Non-alcoholic Beverages,"Burlington, Massachusetts",Keurig Dr Pepper,KDP,1418135
01-03-1994,1825,Financials,Regional Banks,"Cleveland, Ohio",KeyCorp,KEY,91576
06-11-2018,2014 (1939),Information Technology,Electronic Equipment & Instruments,"Santa Rosa, California",Keysight,KEYS,1601046
04-03-1957,1872,Consumer Staples,Household Products,"Irving, Texas",Kimberly-Clark,KMB,55785
04-04-2006,1958,Real Estate,Retail REITs,"New Hyde Park, New York",Kimco Realty,KIM,879101
25-05-2012,1997,Energy,Oil & Gas Storage & Transportation,"Houston, Texas",Kinder Morgan,KMI,1506307
30-09-1997,1975/1977 (1997),Information Technology,Semiconductor Materials & Equipment,"Milpitas, California",KLA Corporation,KLAC,319201
06-07-2015,2015 (1869),Consumer Staples,Packaged Foods & Meats,"Chicago, Illinois; Pittsburgh, Pennsylvania",Kraft Heinz,KHC,1637459
04-03-1957,1883,Consumer Staples,Food Retail,"Cincinnati, Ohio",Kroger,KR,56873
22-09-2008,2019 (1895),Industrials,Aerospace & Defense,"Melbourne, Florida",L3Harris,LHX,202058
01-11-2004,1978,Health Care,Health Care Services,"Burlington, North Carolina",LabCorp,LH,920148
29-06-2012,1980,Information Technology,Semiconductor Materials & Equipment,"Fremont, California",Lam Research,LRCX,707549
03-12-2018,2016 (1950),Consumer Staples,Packaged Foods & Meats,"Eagle, Idaho",Lamb Weston,LW,1679273
03-10-2019,1988,Consumer Discretionary,Casinos & Gaming,"Las Vegas, Nevada",Las Vegas Sands,LVS,1300514
09-08-2019,1969,Industrials,Diversified Support Services,"Reston, Virginia",Leidos,LDOS,1336920
04-10-2005,1954,Consumer Discretionary,Homebuilding,"Miami, Florida",Lennar,LEN,920760
30-06-1976,1905,Financials,Multi-line Insurance,"Radnor, Pennsylvania",Lincoln Financial,LNC,59558
01-07-1992,1879,Materials,Industrial Gases,"Guildford, United Kingdom",Linde plc,LIN,1707925
23-12-2019,2010,Communication Services,Movies & Entertainment,"Beverly Hills, California",Live Nation Entertainment,LYV,1335258
23-05-2016,1998,Consumer Discretionary,Distributors,"Chicago, Illinois",LKQ Corporation,LKQ,1065696
04-03-1957,1995,Industrials,Aerospace & Defense,"Bethesda, Maryland",Lockheed Martin,LMT,936468
31-05-1995,1959,Financials,Multi-line Insurance,"New York City, New York",Loews Corporation,L,60086
29-02-1984,1904/1946/1959,Consumer Discretionary,Home Improvement Retail,"Mooresville, North Carolina",Lowe's,LOW,60667
05-09-2012,2007,Materials,Specialty Chemicals,"Rotterdam, Netherlands",LyondellBasell,LYB,1489393
23-02-2004,1856,Financials,Regional Banks,"Buffalo, New York",M&T Bank,MTB,36270
04-03-1957,1887,Energy,Oil & Gas Exploration & Production,"Houston, Texas",Marathon Oil,MRO,101778
01-07-2011,2009 (1887),Energy,Oil & Gas Refining & Marketing,"Findlay, Ohio",Marathon Petroleum,MPC,1510295
01-07-2019,2000,Financials,Financial Exchanges & Data,"New York City, New York",MarketAxess,MKTX,1278021
29-05-1998,1927,Consumer Discretionary,"Hotels, Resorts & Cruise Lines","Bethesda, Maryland",Marriott International,MAR,1048286
31-08-1987,1905,Financials,Insurance Brokers,"New York City, New York",Marsh McLennan,MMC,62709
02-07-2014,1993,Materials,Construction Materials,"Raleigh, North Carolina",Martin Marietta Materials,MLM,916076
30-06-1981,1929,Industrials,Building Products,"Livonia, Michigan",Masco,MAS,62996
18-07-2008,1966,Financials,Transaction & Payment Processing Services,"Harrison, New York",Mastercard,MA,1141391
20-09-2021,1986,Communication Services,Interactive Media & Services,"Dallas, Texas",Match Group,MTCH,891103
20-03-2003,1889,Consumer Staples,Packaged Foods & Meats,"Hunt Valley, Maryland",McCormick & Company,MKC,63754
30-06-1970,1940,Consumer Discretionary,Restaurants,"Chicago, Illinois",McDonald's,MCD,63908
13-01-1999,1833,Health Care,Health Care Distributors,"Irving, Texas",McKesson,MCK,927653
31-10-1986,1949,Health Care,Health Care Equipment,"Dublin, Ireland",Medtronic,MDT,1613103
04-03-1957,1891,Health Care,Pharmaceuticals,"Kenilworth, New Jersey",Merck & Co.,MRK,310158
23-12-2013,2004,Communication Services,Interactive Media & Services,"Menlo Park, California",Meta,META,1326801
11-12-2000,1868,Financials,Life & Health Insurance,"New York City, New York",MetLife,MET,1099219
06-09-2016,1945,Health Care,Life Sciences Tools & Services,"Columbus, Ohio",Mettler Toledo,MTD,1037646
26-07-2017,1986,Consumer Discretionary,Casinos & Gaming,"Paradise, Nevada",MGM Resorts,MGM,789570
07-09-2007,1989,Information Technology,Semiconductors,"Chandler, Arizona",Microchip Technology,MCHP,827054
27-09-1994,1978,Information Technology,Semiconductors,"Boise, Idaho",Micron Technology,MU,723125
01-06-1994,1975,Information Technology,Systems Software,"Redmond, Washington",Microsoft,MSFT,789019
02-12-2016,1977,Real Estate,Residential REITs,"Memphis, Tennessee",Mid-America Apartment Communities,MAA,912595
21-07-2021,2010,Health Care,Biotechnology,"Cambridge, Massachusetts",Moderna,MRNA,1682852
23-12-2013,1878,Consumer Discretionary,Home Furnishings,"Calhoun, Georgia",Mohawk Industries,MHK,851968
02-03-2022,1980,Health Care,Managed Health Care,"Long Beach, California",Molina Healthcare,MOH,1179929
30-06-1976,"2005 (Molson 1786, Coors 1873)",Consumer Staples,Brewers,"Chicago, Illinois",Molson Coors Beverage Company,TAP,24545
02-10-2012,2012,Consumer Staples,Packaged Foods & Meats,"Chicago, Illinois",Mondelez International,MDLZ,1103982
12-02-2021,1997,Information Technology,Semiconductors,"Kirkland, Washington",Monolithic Power Systems,MPWR,1280452
28-06-2012,2012 (1935),Consumer Staples,Soft Drinks & Non-alcoholic Beverages,"Corona, California",Monster Beverage,MNST,865752
01-07-1998,1909,Financials,Financial Exchanges & Data,"New York City, New York",Moody's Corporation,MCO,1059556
29-07-1993,1935,Financials,Investment Banking & Brokerage,"New York City, New York",Morgan Stanley,MS,895421
26-09-2011,2004 (1865 / 1909),Materials,Fertilizers & Agricultural Chemicals,"Tampa, Florida",Mosaic Company (The),MOS,1285785
04-03-1957,1928 (2011),Information Technology,Communications Equipment,"Chicago, Illinois",Motorola Solutions,MSI,68505
04-04-2018,1969,Financials,Financial Exchanges & Data,"New York City, New York",MSCI,MSCI,1408198
22-10-2008,1971,Financials,Financial Exchanges & Data,"New York City, New York","Nasdaq, Inc.",NDAQ,1120193
25-06-1999,1992,Information Technology,"Technology Hardware, Storage & Peripherals","San Jose, California",NetApp,NTAP,1002047
20-12-2010,1997,Communication Services,Movies & Entertainment,"Los Gatos, California",Netflix,NFLX,1065280
30-04-1989,1903,Consumer Discretionary,Housewares & Specialties,"Atlanta, Georgia",Newell Brands,NWL,814453
30-06-1969,1921,Materials,Gold,"Denver, Colorado",Newmont,NEM,1164727
01-08-2013,2013 (1980),Communication Services,Publishing,"New York City, New York",News Corp (Class A),NWSA,1564708
18-09-2015,2013 (1980),Communication Services,Publishing,"New York City, New York",News Corp (Class B),NWS,1564708
30-06-1976,1984 (1925),Utilities,Multi-Utilities,"Juno Beach, Florida",NextEra Energy,NEE,753308
30-11-1988,1964,Consumer Discretionary,"Apparel, Accessories & Luxury Goods","Washington County, Oregon","Nike, Inc.",NKE,320187
02-11-2000,1912,Utilities,Multi-Utilities,"Merrillville, Indiana",NiSource,NI,1111711
15-02-2022,1935,Industrials,Industrial Machinery & Supplies & Components,"Westlake, Ohio",Nordson Corporation,NDSN,72331
04-03-1957,1881/1894 (1980),Industrials,Rail Transportation,"Atlanta, Georgia",Norfolk Southern Railway,NSC,702165
30-01-1998,1889,Financials,Asset Management & Custody Banks,"Chicago, Illinois",Northern Trust,NTRS,73124
04-03-1957,"1994 (Northrop 1939, Grumman 1930)",Industrials,Aerospace & Defense,"West Falls Church, Virginia",Northrop Grumman,NOC,1133421
13-10-2017,2011 (1966),Consumer Discretionary,"Hotels, Resorts & Cruise Lines","Miami, Florida",Norwegian Cruise Line Holdings,NCLH,1513761
29-01-2010,1992,Utilities,Independent Power Producers & Energy Traders,"Houston, Texas",NRG Energy,NRG,1013871
30-04-1985,1940,Materials,Steel,"Charlotte, North Carolina",Nucor,NUE,73309
30-11-2001,1993,Information Technology,Semiconductors,"Santa Clara, California",Nvidia,NVDA,1045810
26-09-2019,1980,Consumer Discretionary,Homebuilding,"Reston, Virginia","NVR, Inc.",NVR,906163
22-03-2021,1953,Information Technology,Semiconductors,"Eindhoven, Netherlands",NXP Semiconductors,NXPI,1413447
27-03-2009,1957,Consumer Discretionary,Specialty Stores,"Springfield, Missouri",O'Reilly Auto Parts,ORLY,898173
04-03-1957,1920,Energy,Oil & Gas Exploration & Production,"Houston, Texas",Occidental Petroleum,OXY,797468
09-12-2019,1934,Industrials,Cargo Ground Transportation,"Thomasville, North Carolina",Old Dominion,ODFL,878927
31-12-1997,1986,Communication Services,Advertising,"New York City, New York",Omnicom Group,OMC,29989
21-06-2022,1999,Information Technology,Semiconductors,"Phoenix, Arizona",ON Semiconductor,ON,1097864
15-03-2010,1906,Energy,Oil & Gas Storage & Transportation,"Tulsa, Oklahoma",ONEOK,OKE,1039684
31-08-1989,1977,Information Technology,Application Software,"Austin, Texas",Oracle Corporation,ORCL,1341439
03-06-2021,2021,Health Care,Pharmaceuticals,"Jersey City, New Jersey",Organon & Co.,OGN,1821825
03-04-2020,2020 (1853),Industrials,Industrial Machinery & Supplies & Components,"Farmington, Connecticut",Otis Worldwide,OTIS,1781335
31-12-1980,1905,Industrials,Construction Machinery & Heavy Transportation Equipment,"Bellevue, Washington",Paccar,PCAR,75362
26-07-2017,1959,Materials,Paper & Plastic Packaging Products & Materials,"Lake Forest, Illinois",Packaging Corporation of America,PKG,75677
20-06-2023,2005,Information Technology,Application Software,"Santa Clara, California",Palo Alto Networks,PANW,1327567
30-09-1994,2019 (1952),Communication Services,Movies & Entertainment,"New York City, New York",Paramount Global,PARA,813828
30-11-1985,1917,Industrials,Industrial Machinery & Supplies & Components,"Cleveland, Ohio",Parker Hannifin,PH,76334
01-10-1998,1971,Industrials,Human Resource & Employment Services,"Penfield, New York",Paychex,PAYX,723531
28-01-2020,1998,Information Technology,Application Software,"Oklahoma City, Oklahoma",Paycom,PAYC,1590955
20-07-2015,1998,Financials,Transaction & Payment Processing Services,"San Jose, California",PayPal,PYPL,1633917
01-10-2012,1966,Industrials,Industrial Machinery & Supplies & Components,"Worsley, United Kingdom",Pentair,PNR,77360
04-03-1957,1898,Consumer Staples,Soft Drinks & Non-alcoholic Beverages,"Purchase, New York",PepsiCo,PEP,77476
04-03-1957,1849,Health Care,Pharmaceuticals,"New York City, New York",Pfizer,PFE,78003
03-10-2022,1905,Utilities,Multi-Utilities,"San Francisco, California",PG&E Corporation,PCG,1004980
31-03-2008,2008 (1847),Consumer Staples,Tobacco,"New York City, New York",Philip Morris International,PM,1413329
01-05-2012,2012 (1917),Energy,Oil & Gas Refining & Marketing,"Houston, Texas",Phillips 66,PSX,1534701
04-10-1999,1985,Utilities,Multi-Utilities,"Phoenix, Arizona",Pinnacle West,PNW,764622
24-09-2008,1997,Energy,Oil & Gas Exploration & Production,"Irving, Texas",Pioneer Natural Resources,PXD,1038357
30-04-1988,1845,Financials,Regional Banks,"Pittsburgh, Pennsylvania",PNC Financial Services,PNC,713676
07-10-2020,1993,Consumer Discretionary,Distributors,"Covington, Louisiana",Pool Corporation,POOL,945841
04-03-1957,1883,Materials,Specialty Chemicals,"Pittsburgh, Pennsylvania",PPG Industries,PPG,79879
01-10-2001,1920,Utilities,Electric Utilities,"Allentown, Pennsylvania",PPL Corporation,PPL,922224
22-07-2002,1879,Financials,Life & Health Insurance,"Des Moines, Iowa",Principal Financial Group,PFG,1126328
04-03-1957,1837,Consumer Staples,Personal Care Products,"Cincinnati, Ohio",Procter & Gamble,PG,80424
04-08-1997,1937,Financials,Property & Casualty Insurance,"Mayfield Village, Ohio",Progressive Corporation,PGR,80661
17-07-2003,1983,Real Estate,Industrial REITs,"San Francisco, California",Prologis,PLD,1045609
22-07-2002,1875,Financials,Life & Health Insurance,"Newark, New Jersey",Prudential Financial,PRU,1137774
04-03-1957,1903,Utilities,Electric Utilities,"Newark, New Jersey",Public Service Enterprise Group,PEG,788784
20-04-2021,1985,Information Technology,Application Software,"Boston, Massachusetts",PTC,PTC,857005
19-08-2005,1972,Real Estate,Self-Storage REITs,"Glendale, California",Public Storage,PSA,1393311
30-04-1984,1956,Consumer Discretionary,Homebuilding,"Atlanta, Georgia",PulteGroup,PHM,822416
11-06-2015,2015,Information Technology,Semiconductors,"Greensboro, North Carolina",Qorvo,QRVO,1604778
01-07-2009,1997,Industrials,Construction & Engineering,"Houston, Texas",Quanta Services,PWR,1050915
22-07-1999,1985,Information Technology,Semiconductors,"San Diego, California",Qualcomm,QCOM,804328
12-12-2002,1967,Health Care,Health Care Services,"Secaucus, New Jersey",Quest Diagnostics,DGX,1022079
02-02-2007,1967,Consumer Discretionary,"Apparel, Accessories & Luxury Goods","New York City, New York",Ralph Lauren Corporation,RL,1037038
20-03-2017,1962,Financials,Investment Banking & Brokerage,"St. Petersburg, Florida",Raymond James,RJF,720005
04-03-1957,1922,Industrials,Aerospace & Defense,"Waltham, Massachusetts",Raytheon Technologies,RTX,101829
07-04-2015,1969,Real Estate,Retail REITs,"San Diego, California",Realty Income,O,726728
02-03-2017,1963,Real Estate,Retail REITs,"Jacksonville, Florida",Regency Centers,REG,910606
01-05-2013,1988,Health Care,Biotechnology,"Tarrytown, New York",Regeneron,REGN,872589
28-08-1998,1971,Financials,Regional Banks,"Birmingham, Alabama",Regions Financial Corporation,RF,1281761
05-12-2008,1998 (1981),Industrials,Environmental & Facilities Services,"Phoenix, Arizona",Republic Services,RSG,1060391
26-07-2017,1989,Health Care,Health Care Equipment,"San Diego, California",ResMed,RMD,943819
31-05-1985,1937,Health Care,Health Care Equipment,"Waltham, Massachusetts",Revvity,RVTY,31791
05-12-2000,1948,Industrials,Human Resource & Employment Services,"Menlo Park, California",Robert Half,RHI,315213
,1903,Industrials,Electrical Components & Equipment,"Milwaukee, Wisconsin",Rockwell Automation,ROK,1024478
01-10-2018,1948,Industrials,Environmental & Facilities Services,"Atlanta, Georgia","Rollins, Inc.",ROL,84839
23-12-2009,1981,Information Technology,Electronic Equipment & Instruments,"Sarasota, Florida",Roper Technologies,ROP,882835
21-12-2009,1982,Consumer Discretionary,Apparel Retail,"Dublin, California",Ross Stores,ROST,745732
05-12-2014,1997,Consumer Discretionary,"Hotels, Resorts & Cruise Lines","Miami, Florida",Royal Caribbean Group,RCL,884887
04-03-1957,1917,Financials,Financial Exchanges & Data,"New York City, New York",S&P Global,SPGI,64040
15-09-2008,1999,Information Technology,Application Software,"San Francisco, California",Salesforce,CRM,1108524
01-09-2017,1989,Real Estate,Telecom Tower REITs,"Boca Raton, Florida",SBA Communications,SBAC,1034054
04-03-1957,1926,Energy,Oil & Gas Equipment & Services,"Houston, Texas",Schlumberger,SLB,87347
02-07-2012,1979,Information Technology,"Technology Hardware, Storage & Peripherals","Dublin, Ireland",Seagate Technology,STX,1137789
04-03-1957,1960,Materials,Paper & Plastic Packaging Products & Materials,"Charlotte, North Carolina",Sealed Air,SEE,1012100
,1998,Utilities,Multi-Utilities,"San Diego, California",Sempra Energy,SRE,1032208
21-11-2019,2003,Information Technology,Systems Software,"Santa Clara, California",ServiceNow,NOW,1373715
30-06-1964,1866,Materials,Specialty Chemicals,"Cleveland, Ohio",Sherwin-Williams,SHW,89800
26-06-2002,2003,Real Estate,Retail REITs,"Indianapolis, Indiana",Simon Property Group,SPG,1063761
12-03-2015,2002,Information Technology,Semiconductors,"Irvine, California",Skyworks Solutions,SWKS,4127
06-11-2008,1897,Consumer Staples,Packaged Foods & Meats,"Orrville, Ohio",J.M. Smucker Company (The),SJM,91419
30-09-1982,1920,Industrials,Industrial Machinery & Supplies & Components,"Kenosha, Wisconsin",Snap-on,SNA,91440
20-12-2021,2006,Information Technology,Semiconductor Materials & Equipment,"Herzliya, Israel",SolarEdge,SEDG,1419612
04-03-1957,1945,Utilities,Electric Utilities,"Atlanta, Georgia",Southern Company,SO,92122
01-07-1994,1967,Industrials,Passenger Airlines,"Dallas, Texas",Southwest Airlines,LUV,92380
30-09-1982,1843,Industrials,Industrial Machinery & Supplies & Components,"New Britain, Connecticut",Stanley Black & Decker,SWK,93556
07-06-2000,1971,Consumer Discretionary,Restaurants,"Seattle, Washington",Starbucks,SBUX,829224
14-03-2003,1792,Financials,Asset Management & Custody Banks,"Boston, Massachusetts",State Street Corporation,STT,93751
22-12-2022,1993,Materials,Steel,"Fort Wayne, Indiana",Steel Dynamics,STLD,1022671
23-12-2019,1985,Health Care,Health Care Equipment,"Dublin, Ireland",Steris,STE,1757898
12-12-2000,1941,Health Care,Health Care Equipment,"Kalamazoo, Michigan",Stryker Corporation,SYK,310764
18-11-2015,2003,Financials,Consumer Finance,"Stamford, Connecticut",Synchrony Financial,SYF,1601712
16-03-2017,1986,Information Technology,Application Software,"Sunnyvale, California",Synopsys,SNPS,883241
31-12-1986,1969,Consumer Staples,Food Distributors,"Houston, Texas",Sysco,SYY,96021
15-07-2019,1994,Communication Services,Wireless Telecommunication Services,"Bellevue, Washington",T-Mobile US,TMUS,1283699
,1937,Financials,Asset Management & Custody Banks,"Baltimore, Maryland",T. Rowe Price,TROW,1113169
19-03-2018,1993,Communication Services,Interactive Home Entertainment,"New York City, New York",Take-Two Interactive,TTWO,946581
01-09-2004,2017,Consumer Discretionary,"Apparel, Accessories & Luxury Goods","New York City, New York","Tapestry, Inc.",TPR,1116132
12-10-2022,2005,Energy,Oil & Gas Storage & Transportation,"Houston, Texas",Targa Resources,TRGP,1389170
31-12-1976,1902,Consumer Staples,Consumer Staples Merchandise Retail,"Minneapolis, Minnesota",Target Corporation,TGT,27419
17-10-2011,2007,Information Technology,Electronic Manufacturing Services,"Schaffhausen, Switzerland",TE Connectivity,TEL,1385157
22-06-2020,1960,Information Technology,Electronic Equipment & Instruments,"Thousand Oaks, California",Teledyne Technologies,TDY,1094285
18-01-2019,1943,Health Care,Health Care Equipment,"Wayne, Pennsylvania",Teleflex,TFX,96943
21-09-2020,1960,Information Technology,Semiconductor Materials & Equipment,"North Reading, Massachusetts",Teradyne,TER,97210
21-12-2020,2003,Consumer Discretionary,Automobile Manufacturers,"Austin, Texas",Tesla,TSLA,1318605
,1930,Information Technology,Semiconductors,"Dallas, Texas",Texas Instruments,TXN,97476
31-12-1978,1923,Industrials,Aerospace & Defense,"Providence, Rhode Island",Textron,TXT,217346
03-08-2004,2006 (1902),Health Care,Life Sciences Tools & Services,"Waltham, Massachusetts",Thermo Fisher Scientific,TMO,97745
30-09-1985,1987,Consumer Discretionary,Apparel Retail,"Framingham, Massachusetts",TJX Companies,TJX,109198
24-01-2014,1938,Consumer Discretionary,Specialty Stores,"Brentwood, Tennessee",Tractor Supply,TSCO,916365
17-11-2010,1871,Industrials,Building Products,"Dublin, Ireland",Trane Technologies,TT,1466258
03-06-2016,1993,Industrials,Aerospace & Defense,"Cleveland, Ohio",TransDigm Group,TDG,1260221
21-08-2002,1853,Financials,Property & Casualty Insurance,"New York City, New York",Travelers Companies (The),TRV,86312
21-01-2021,1978,Information Technology,Electronic Equipment & Instruments,"Westminster, Colorado",Trimble Inc.,TRMB,864749
04-12-1997,1872,Financials,Regional Banks,"Charlotte, North Carolina",Truist,TFC,92230
22-06-2020,1966,Information Technology,Application Software,"Plano, Texas",Tyler Technologies,TYL,860731
10-08-2005,1935,Consumer Staples,Packaged Foods & Meats,"Springdale, Arkansas",Tyson Foods,TSN,100493
,1968,Financials,Diversified Banks,"Minneapolis, Minnesota",U.S. Bank,USB,36104
07-03-2016,1972,Real Estate,Residential REITs,"Highlands Ranch, Colorado","UDR, Inc.",UDR,74208
18-04-2016,1990,Consumer Discretionary,Specialty Stores,"Bolingbrook, Illinois",Ulta Beauty,ULTA,1403568
04-03-1957,1862,Industrials,Rail Transportation,"Omaha, Nebraska",Union Pacific Corporation,UNP,100885
03-09-2015,1967,Industrials,Passenger Airlines,"Chicago, Illinois",United Airlines Holdings,UAL,100517
22-07-2002,1907,Industrials,Air Freight & Logistics,"Sandy Springs, Georgia",United Parcel Service,UPS,1090727
20-09-2014,1997,Industrials,Trading Companies & Distributors,"Stamford, Connecticut",United Rentals,URI,1067701
01-07-1994,1977,Health Care,Managed Health Care,"Minnetonka, Minnesota",United Health,UNH,731766
20-09-2014,1979,Health Care,Health Care Facilities,"King of Prussia, Pennsylvania",Universal Health Services,UHS,352915
20-12-2002,1980,Energy,Oil & Gas Refining & Marketing,"San Antonio, Texas",Valero Energy,VLO,1035002
04-03-2009,1998,Real Estate,Health Care REITs,"Chicago, Illinois",Ventas,VTR,740260
01-02-2006,1995,Information Technology,Internet Services & Infrastructure,"Dulles, Virginia",Verisign,VRSN,1014473
08-10-2015,1971,Industrials,Research & Consulting Services,"Jersey City, New Jersey",Verisk,VRSK,1442145
30-11-1983,1983 (1877),Communication Services,Integrated Telecommunication Services,"New York City, New York",Verizon,VZ,732712
23-09-2013,1989,Health Care,Biotechnology,"Cambridge, Massachusetts",Vertex Pharmaceuticals,VRTX,875320
30-06-1979,1899,Consumer Discretionary,"Apparel, Accessories & Luxury Goods","Denver, Colorado",VF Corporation,VFC,103379
23-04-2004,1961,Health Care,Pharmaceuticals,"Pittsburgh, Pennsylvania",Viatris,VTRS,1792044
08-06-2022,2017,Real Estate,Hotel & Resort REITs,"New York City, New York",Vici Properties,VICI,1705696
21-12-2009,1958,Financials,Transaction & Payment Processing Services,"San Francisco, California",Visa Inc.,V,1403161
30-06-1999,1909,Materials,Construction Materials,"Birmingham, Alabama",Vulcan Materials Company,VMC,1396009
27-02-2019,1999 (1869),Industrials,Construction Machinery & Heavy Transportation Equipment,"Pittsburgh, Pennsylvania",Wabtec,WAB,943452
31-12-1979,2014,Consumer Staples,Drug Retail,"Deerfield, Illinois",Walgreens Boots Alliance,WBA,1618921
31-08-1982,1962,Consumer Staples,Consumer Staples Merchandise Retail,"Bentonville, Arkansas",Walmart,WMT,104169
11-04-2022,2022,Communication Services,Broadcasting,"New York City, New York",Warner Bros. Discovery,WBD,1437107
,1968,Industrials,Environmental & Facilities Services,"Houston, Texas",Waste Management,WM,823768
02-01-2002,1958,Health Care,Health Care Distributors,"Milford, Massachusetts",Waters Corporation,WAT,1000697
31-10-2008,1896,Utilities,Electric Utilities,"Milwaukee, Wisconsin",WEC Energy Group,WEC,783325
30-06-1976,1852,Financials,Diversified Banks,"San Francisco, California",Wells Fargo,WFC,72971
30-01-2009,1970,Real Estate,Health Care REITs,"Toledo, Ohio",Welltower,WELL,766704
22-05-2020,1923,Health Care,Health Care Supplies,"Exton, Pennsylvania",West Pharmaceutical Services,WST,105770
01-07-2009,1970,Information Technology,"Technology Hardware, Storage & Peripherals","San Jose, California",Western Digital,WDC,106040
04-03-1957,2015,Materials,Paper & Plastic Packaging Products & Materials,"Atlanta, Georgia",WestRock,WRK,1732845
,1900,Real Estate,Timber REITs,"Seattle, Washington",Weyerhaeuser,WY,106535
,1911,Consumer Discretionary,Household Appliances,"Benton Harbor, Michigan",Whirlpool Corporation,WHR,106640
31-03-1975,1908,Energy,Oil & Gas Storage & Transportation,"Tulsa, Oklahoma",Williams Companies,WMB,107263
05-01-2016,2016,Financials,Insurance Brokers,"London, United Kingdom",Willis Towers Watson,WTW,1140536
30-06-1981,1927,Industrials,Industrial Machinery & Supplies & Components,"Lake Forest, Illinois",W. W. Grainger,GWW,277135
14-11-2008,2002,Consumer Discretionary,Casinos & Gaming,"Paradise, Nevada",Wynn Resorts,WYNN,1174922
04-03-1957,1909,Utilities,Multi-Utilities,"Minneapolis, Minnesota",Xcel Energy,XEL,72903
01-11-2011,2011,Industrials,Industrial Machinery & Supplies & Components,"White Plains, New York",Xylem Inc.,XYL,1524472
06-10-1997,1997,Consumer Discretionary,Restaurants,"Louisville, Kentucky",Yum! Brands,YUM,1041061
23-12-2019,1969,Information Technology,Electronic Equipment & Instruments,"Lincolnshire, Illinois",Zebra Technologies,ZBRA,877212
07-08-2001,1927,Health Care,Health Care Equipment,"Warsaw, Indiana",Zimmer Biomet,ZBH,1136869
22-06-2001,1873,Financials,Regional Banks,"Salt Lake City, Utah",Zions Bancorporation,ZION,109380
21-06-2013,1952,Health Care,Pharmaceuticals,"Parsippany, New Jersey",Zoetis,ZTS,1555280
